{"cameraMode":{"drawMode":0,"name":"Shaded","section":"Shading Mode"},"sceneLighting":true,"audioPlay":false,"sceneViewState":{"showFog":true,"showMaterialUpdate":false,"showSkybox":true,"showFlares":true,"showImageEffects":true,"showParticleSystems":true},"in2DMode":false,"pivot":{"x":0.8975706100463867,"y":2.1999998092651369,"z":0.22106456756591798},"rotation":{"x":0.3898562490940094,"y":-0.2478378266096115,"z":0.10978696495294571,"w":0.8800782561302185},"size":17.254234313964845,"orthographic":true}